id,name,email,address,join_date
1,Jennifer Baker,uturner@sweeney.com,Williamsburgh,2023-04-19
2,Barbara Collier,haley68@walsh-hawkins.info,Richardton,2021-05-16
3,Deanna Rodgers,thomasmatthew@yahoo.com,East Angelachester,2025-08-07
4,Melissa Evans,qperkins@carroll-parsons.com,Fordburgh,2023-01-04
5,Jenna Williams,kevin51@ellis.com,Clarkland,2023-04-16
6,Shawn Edwards,brendabyrd@shaw.com,West Alyssaview,2021-05-18
7,Melanie Wood,joshua91@gmail.com,Robertfurt,2022-10-29
8,Robert Vazquez,markdixon@flores-yoder.com,South Sergio,2021-04-30
9,Kelly Turner,cherryallen@james.com,Lake Brianburgh,2023-06-30
10,David Thomas,clarkashley@yahoo.com,Michaelchester,2022-12-28
11,Grace Hopkins,scott03@sellers.com,North Troytown,2020-10-07
12,Erik Curry,elizabeth62@wright.com,Jameschester,2023-07-25
13,Robert Harper,susanodonnell@gmail.com,Port Tiffany,2022-06-24
14,Kimberly Torres,qhall@summers.com,Atkinsborough,2025-06-09
15,Linda Craig,hilljanet@murray.com,North Richardview,2023-07-24
16,Patrick Lee,kirkcampos@gmail.com,Joyhaven,2025-04-28
17,Robert Oconnor,elizabethrogers@hotmail.com,Susanmouth,2022-03-28
18,Leslie Robinson,thernandez@hotmail.com,East Brandonburgh,2021-09-17
19,Preston Ruiz,walkertimothy@gmail.com,East Brooke,2024-09-07
20,Tracy Fuller,xglover@rodriguez.com,Port Erica,2025-02-19
21,Jonathan Berry,jonespaige@gmail.com,Anthonyview,2023-04-19
22,Michael Chen,yolandajohnson@yahoo.com,Allentown,2022-09-30
23,Jonathan Hicks,douglas75@hotmail.com,Beltranburgh,2021-07-16
24,Samantha Patterson,jwarner@fleming-brooks.com,Port Brendafurt,2021-04-22
25,Alex Garcia,irose@burke.info,Brownville,2023-07-05
26,Christina Buck,jason85@schmidt.com,Jorgeland,2022-01-25
27,Nicholas Carlson,yhernandez@yahoo.com,Wellsstad,2024-10-01
28,Traci Miles,richardsonkeith@powell.com,Richardmouth,2025-04-30
29,Mr. Todd Bond,ecollins@kramer.com,Martinezmouth,2022-11-24
30,John Benton,jasonhoward@hotmail.com,East Travisside,2025-02-10
31,Autumn Scott,qmahoney@hart.net,Ashleytown,2021-05-20
32,Caroline Richard,bakermark@holland.com,New Shannon,2021-03-17
33,Matthew Davidson,gomezkimberly@yahoo.com,Justinberg,2022-06-29
34,Michael Davis,millercristian@gmail.com,North Ralph,2022-08-30
35,Daniel Crawford,atanner@lindsey-henderson.com,Larrychester,2022-04-30
36,Christopher Adams,brandimarshall@yahoo.com,East Matthew,2025-08-23
37,Rebekah Lewis,imitchell@gmail.com,Tranchester,2021-11-12
38,Thomas White,zjones@yahoo.com,East Melanie,2022-08-04
39,Edwin Hart,mary50@hotmail.com,North Kenneth,2023-02-16
40,John Lyons,johnsonjodi@thomas.com,Port Brendachester,2025-08-10
41,Miguel Osborne,madisongonzales@smith-cruz.com,Bethton,2022-03-24
42,Christina King,ncastro@taylor.com,Blakeside,2023-02-14
43,Samuel Carlson,thomasjonathan@harper-davis.net,Smithberg,2023-07-24
44,Tammy Ward,dustin39@grimes-gibbs.info,Port Stephanie,2023-12-22
45,Brooke Sanchez,kellysmith@hotmail.com,New Sharon,2023-04-18
46,Samuel Anthony,pjames@gmail.com,North Tracyside,2023-01-09
47,Leslie Peterson,timothy11@hotmail.com,North Jenniferfurt,2025-04-17
48,Earl Hayden,jasmine96@gmail.com,North Kylehaven,2021-09-19
49,Benjamin Yates,jesse67@yahoo.com,Williambury,2020-10-24
50,Jill Kennedy,gharrison@hill.info,Greentown,2021-04-18
51,Sara Scott,brian42@gmail.com,Bishopbury,2022-05-02
52,Thomas Wallace,xschmidt@barnett.biz,Hallborough,2022-07-28
53,John Carrillo,roberto98@baker.com,Lake Christopherstad,2022-01-18
54,Michele Taylor,stevensjason@gmail.com,North Traciview,2024-10-05
55,Glenn Hatfield,samuelhernandez@gmail.com,Cherylborough,2021-11-07
56,Nicholas Miller,david85@burgess-jackson.com,West Derek,2024-03-16
57,Harold Myers,monica87@yahoo.com,Timothybury,2021-10-15
58,Thomas Lee,maciasjose@gmail.com,Lake Gregory,2023-11-26
59,Martha Huynh,brettcarter@yahoo.com,Port Shanehaven,2024-12-05
60,Amanda Gordon,bjohnson@gmail.com,Port Lori,2023-10-11
61,Deborah Mcclain,kelseymyers@hotmail.com,Lake Jillmouth,2021-08-01
62,Sylvia Stephenson,sandersalison@miller.com,East Daniel,2024-01-15
63,Elizabeth Long,stephanie95@gmail.com,East Laurenfort,2025-02-15
64,Kenneth Simmons,michaelsmith@molina.net,Duncanmouth,2022-12-24
65,Carol James,tyler09@hotmail.com,New Hollymouth,2023-06-25
66,William Stewart,deborah87@gmail.com,New Craig,2024-11-03
67,Marissa Steele,jonesandrew@yahoo.com,Thomasmouth,2025-02-04
68,Kathryn Greene,bill45@bell.com,Howellhaven,2023-05-06
69,Mrs. Tricia Patrick,michael61@gmail.com,Lake Robert,2021-05-19
70,Rachel Edwards,mary01@harrington-pierce.com,Castilloview,2021-06-16
71,Emily Myers,elizabethdavidson@patterson-marks.com,New Robertmouth,2023-10-05
72,Jared Henry,jeremy21@turner.com,West Donna,2022-02-12
73,Mark Ferguson,moorerebecca@kim.com,Belindastad,2022-12-22
74,Morgan Cain,alexthompson@hotmail.com,South Sandrabury,2025-01-31
75,Michelle Byrd,mstephens@nguyen-griffin.com,North Steven,2024-02-20
76,Brandon Snow,benjaminbishop@yahoo.com,North Williamville,2024-01-13
77,Denise Dalton,jennifer84@yahoo.com,Port Cathyhaven,2022-02-10
78,Jodi Stone,rgordon@glover.com,Karaton,2024-08-01
79,Kara Mcbride,amyers@gmail.com,Port Bradley,2024-05-16
80,Michelle Garcia,bwood@barr.org,North Darius,2022-08-21
81,Jose Lopez,santanapaul@west-acevedo.com,Evansview,2022-12-09
82,Taylor Johnson,jonathanbrooks@diaz.org,East Debbiefort,2023-09-03
83,Phillip Vance,velezcrystal@yahoo.com,North Tina,2020-11-29
84,Sandra Hall,greggcruz@gmail.com,North Jasminefort,2025-05-23
85,Chad Johnson,kingphillip@richardson.com,Port Coryborough,2024-07-02
86,Courtney Conner,rodriguezsue@vargas.org,Morenomouth,2024-05-30
87,Jeffrey Murphy,fordmichael@hotmail.com,Salazarton,2022-10-23
88,Teresa Dixon,jessicaross@hotmail.com,Murrayfort,2025-07-18
89,Justin Solomon,kellywalsh@hotmail.com,Smithhaven,2025-01-05
90,Russell Wagner,barbara14@farley.com,West Dianefort,2024-02-22
91,Laura Campbell,gordonannette@gmail.com,New Michael,2025-07-29
92,Erin Davenport,snewman@galloway-kennedy.biz,Mcgeeshire,2020-09-19
93,Alison Ramirez,kelseysalazar@hill-sullivan.com,Jenniferville,2024-06-29
94,Paula Thomas,christinarandall@yahoo.com,Port Kyleton,2025-03-09
95,Erica Kelly,thomas70@gmail.com,East Kristin,2021-09-26
96,Raymond Le,jennifer47@hunter.net,Kevintown,2022-07-28
97,James White,chelsey74@yahoo.com,Cheryltown,2025-07-23
98,Xavier Joseph,jennifer05@rios.com,Alanfurt,2025-08-17
99,Sean Zuniga,qjames@hotmail.com,Joshuahaven,2022-04-19
100,Matthew Wright,qweaver@gmail.com,South Shane,2020-10-04
101,Kara Rivera,michael51@gmail.com,Fernandoview,2025-08-29
102,Heather Brown,uoliver@yahoo.com,Zamorastad,2024-01-31
103,Mark Stephens,ritadavis@scott-ibarra.com,North Stephanie,2024-06-26
104,Kathleen Barry MD,kathydonaldson@gmail.com,West Michael,2023-08-14
105,Paige Vargas,smithkelly@gmail.com,Nancyville,2023-02-02
106,Scott Mullins,sarahharper@douglas.info,Jamesfurt,2023-12-17
107,Erin Owen,jenniferwarner@white.com,East Daniel,2024-10-20
108,Bailey Swanson,cory26@jimenez.net,East Tara,2022-12-05
109,Angela Baker,kristopher29@yahoo.com,Tammymouth,2020-09-15
110,Jennifer Thompson,clarsen@gmail.com,Tammyburgh,2023-10-07
111,Kristen Woods,vmarsh@ramirez.com,West Denise,2020-11-21
112,Garrett Hill,patrick20@hotmail.com,West Ashley,2025-02-14
113,Angela Gregory,turnerphilip@hotmail.com,East Brandonside,2022-06-23
114,Sheri Mendez,aphelps@hotmail.com,West Sarafort,2022-05-20
115,James Johnson,gphillips@ross-french.info,Keyview,2021-05-08
116,Kaitlyn Patterson,teresafletcher@yahoo.com,East Dylanfurt,2023-06-15
117,Ashley Weaver,lori18@williams.net,East Timothy,2025-08-05
118,Sarah Simpson,cynthia72@singleton-wright.org,Williamsfort,2021-05-16
119,Kristin Kelley,debbiebrowning@young-paul.com,Wilkinshaven,2023-02-24
120,Michael Mitchell,fuentessusan@franklin.com,New Cody,2021-03-23
121,Joshua Larson,hgrimes@gmail.com,Port Christopher,2025-03-13
122,Connie Martin,sarabeasley@mason-hudson.com,South Angelamouth,2025-06-01
123,Danielle Jackson,fbrady@gmail.com,Marshallfort,2023-01-12
124,Sarah Allen,cameronanthony@cole.com,Sandraport,2023-10-28
125,Justin Scott,sawyeranthony@gray.biz,South Vanessa,2023-02-21
126,Dana Warren,dlewis@yahoo.com,New Billy,2022-03-30
127,Nicholas Clark,cisnerostheresa@hotmail.com,New Michelle,2021-05-27
128,Jade Hernandez,levi75@yahoo.com,Port Markmouth,2021-07-28
129,Angela Reyes,kmoore@yahoo.com,Danielfort,2025-01-15
130,William Wolfe,hernandezwendy@anderson.org,Jeffreyshire,2020-11-02
131,Vanessa Miller,nichole36@yahoo.com,Robertsonton,2021-07-17
132,Mary Williams,omayo@hotmail.com,Dennisfort,2022-09-16
133,Debra Dyer,colleennelson@gmail.com,Knoxmouth,2021-07-10
134,Lindsay Carrillo,jennifer70@smith-cooper.com,Woodstad,2021-03-05
135,Deanna Morales,xbennett@thompson.net,New Davidfort,2021-10-22
136,Jamie Ortiz,nancy73@brown.com,New Juan,2022-03-21
137,Matthew Lambert,bentleybrianna@yahoo.com,Gardnerview,2024-10-24
138,James Lewis,jeffreylewis@yahoo.com,Lake Ianville,2022-03-29
139,Joseph Wong,wilkinsmark@yahoo.com,Lake Scottstad,2024-11-24
140,Pamela Cooke,christophersanders@yahoo.com,Joshuaville,2021-03-20
141,Brian Pitts,marshsarah@hotmail.com,South Rossbury,2021-07-14
142,Mary Hendricks,qking@davis-adams.biz,Wattsborough,2021-04-29
143,Elizabeth Powell,vincent27@hotmail.com,East Nancy,2023-05-01
144,Tanner Harris,ruizvictoria@buchanan.info,Port Elizabeth,2022-11-09
145,Christy Coleman,bethwilson@hotmail.com,Samuelbury,2024-05-26
146,Sarah Miller,prichards@yahoo.com,Weaverfurt,2023-03-18
147,Jessica Harris,sjohnson@hotmail.com,Mccannport,2025-03-24
148,Gregory Nelson,petersonbradley@yahoo.com,West Stacyberg,2025-03-20
149,Kim Lopez,gregorygallegos@gmail.com,West Sherrytown,2022-06-20
150,Jason Fritz,bmarshall@hotmail.com,Michaelmouth,2022-02-23
151,Frederick Gomez,zmays@hotmail.com,Duncanbury,2022-07-20
152,Mrs. Kari Garner,soconnor@yahoo.com,Roberthaven,2022-08-19
153,Kevin Holden,alejandraoliver@roach-robertson.com,Lisaton,2024-01-17
154,Marvin Prince II,william57@hahn.com,New Toddmouth,2023-10-29
155,Jason Robinson,melissa57@hotmail.com,Kylebury,2025-07-30
156,Michele Ramsey,zrodriguez@hotmail.com,Natalieton,2025-03-09
157,Denise Farmer,ryanbaker@gmail.com,Lake Daniel,2023-04-29
158,Tiffany Madden,boyerjoshua@dudley.com,East Loganburgh,2020-12-08
159,Taylor Robinson,alicia19@snow-bolton.org,Dianaborough,2023-02-01
160,Marissa Lopez,qjones@hotmail.com,East Elizabethfort,2024-08-11
161,Cheryl Cox,jerrycruz@payne.com,Smithtown,2022-03-21
162,Wayne Jordan,middletonmichael@coleman-medina.com,Thompsonfurt,2022-01-16
163,Jose Zimmerman,chelseywarren@gmail.com,Melissamouth,2025-07-03
164,Brandy Fuentes,amberbutler@hotmail.com,South Kathleenshire,2020-10-17
165,Christopher Copeland,millerkevin@gmail.com,Estesview,2022-07-24
166,Mary Perez,stephanietaylor@johnson-clark.com,Thomasview,2024-12-09
167,Dana Brown,thomas72@guerrero-davis.com,North Brianfurt,2023-05-04
168,Desiree Chandler,brivera@yahoo.com,Port Johnny,2021-03-09
169,Kristen Montgomery,andrewpowell@hotmail.com,South Adrianton,2024-04-13
170,Vanessa Berry MD,mary66@montgomery-davis.info,New Patrickhaven,2021-07-27
171,Roy Johnson,frankfitzpatrick@yahoo.com,Port Rachelburgh,2023-12-22
172,Haley Mccall,hallpaul@harris-curry.com,Walshberg,2024-01-08
173,Adrian Harrison,wking@gmail.com,Collinsberg,2024-10-21
174,Gwendolyn Mckinney,lisa80@smith-smith.com,Lake Danielburgh,2025-02-18
175,Joseph Hamilton,bsmith@hines-martinez.com,West Charlesfurt,2024-03-26
176,Loretta Lynch,wbass@yahoo.com,North Jonathan,2023-12-05
177,Maria Cardenas,solsen@yahoo.com,Krystaltown,2021-04-13
178,Jennifer Ho,rubiokimberly@hotmail.com,Thompsonmouth,2023-12-31
179,Kelsey Mendez,christopher68@mitchell-flores.info,Michaelhaven,2023-03-19
180,Michelle Decker,porterkaren@hotmail.com,Greenshire,2023-04-02
181,Samantha Collins,chayden@hotmail.com,New Dianastad,2021-04-04
182,Robin Graham,imiller@bell.com,Bensonview,2022-09-21
183,Patrick James,fthomas@mcdonald.org,North Jessica,2023-03-23
184,Larry Davis,jessicajohnson@gmail.com,East Annborough,2021-09-09
185,Curtis Hahn,hubbardblake@andrade.info,Randyland,2024-03-08
186,Andrew Rivera,jamesanderson@stewart.com,Johnsonland,2023-08-29
187,Miss Theresa Solomon,clarkerichard@hotmail.com,West Timothy,2021-05-09
188,Robert Harper,jacqueline88@gmail.com,Taylorside,2022-04-26
189,Barbara Clark,danielpope@hotmail.com,Douglasmouth,2021-05-01
190,Kenneth Williams,lisa99@yahoo.com,Lake Catherine,2022-02-26
191,Anthony Cuevas,escott@gmail.com,Brookstown,2024-04-20
192,Amy Ayers,carriesimpson@wang.net,Woodshire,2022-04-03
193,Felicia Weber,aaguirre@hotmail.com,South John,2025-02-10
194,Darren Davenport,swells@yahoo.com,Hesterstad,2022-10-21
195,Christina Reynolds,patrick32@yahoo.com,Maryhaven,2021-11-20
196,John Tyler,rebecca60@hotmail.com,Rosstown,2025-08-29
197,Keith Baker,thunter@briggs.net,Jacobsonview,2023-11-06
198,Taylor Davis,bhernandez@hotmail.com,Adrianburgh,2023-11-07
199,Tara Allen,umcfarland@forbes.org,East Michaelfurt,2021-06-21
200,Diana Turner,tammy94@hotmail.com,Nicoleshire,2024-10-22
201,Joan Newman,cindyleon@hotmail.com,Lake Jacob,2020-12-26
202,Desiree Reyes,chrisharris@gmail.com,Caseside,2025-07-08
203,Seth Moore,qcarrillo@hotmail.com,North Deborahland,2021-12-27
204,Jonathan Cobb,jamescohen@rocha-foster.biz,West Marc,2022-03-27
205,Amanda Bush,ksimmons@torres.com,Felicialand,2025-05-29
206,Kathryn Mccall,mary09@yahoo.com,West Cynthiaville,2021-04-04
207,Timothy Garcia,andrewmoore@gmail.com,New Stephanie,2025-09-03
208,Maria Miles,dpierce@yahoo.com,East Eric,2022-01-05
209,Lisa Vargas,sanderson@hotmail.com,West Gary,2021-03-22
210,Melissa Holt,erikamendoza@austin.net,North Jeffreymouth,2024-05-30
211,Robert Duncan,vsullivan@hotmail.com,Port George,2024-11-25
212,Christopher Beck,lauren34@anderson.net,Taylorstad,2022-08-03
213,Cynthia Melton,leejohn@gmail.com,West Patrickborough,2022-12-19
214,Paula Schroeder,emilydavis@morgan.com,East Robert,2020-10-25
215,Eric Nguyen,jramos@clements.net,East Debraborough,2023-04-02
216,Wesley Gutierrez Jr.,patrickrivera@hawkins.com,Stephanieland,2020-09-21
217,Dominic Wilson,elizabethbarnes@hotmail.com,Port Dustinstad,2023-04-03
218,Mary Buchanan,millerscott@gmail.com,Jonesbury,2020-10-21
219,Kellie Collier,valentinejennifer@hotmail.com,Calderonport,2021-11-15
220,Christopher Larsen,jeanettekim@yahoo.com,Gonzalezburgh,2025-08-06
221,Brittany Murphy,jacobgarcia@yahoo.com,Christianberg,2022-08-01
222,Carlos Fernandez,oward@calderon-salazar.com,New Michaelton,2023-04-03
223,Jennifer Velez,mbridges@gmail.com,New Davidton,2021-07-18
224,Jimmy Washington,evanserika@yahoo.com,East Sarahmouth,2022-08-27
225,Alexandra Rogers,tsingh@ramos-wallace.com,East Derekchester,2025-07-06
226,Samuel Johnson,hansoncarlos@gmail.com,South Kennethview,2025-01-12
227,Kimberly Martinez,gonzalezjeffery@thomas.org,New Krystal,2022-08-24
228,Aaron Hill,longchristopher@buck.net,Allenstad,2022-11-17
229,Stacy Peterson,ruizmark@yahoo.com,Weekstown,2023-05-22
230,Miss Tina Lee,bellnathaniel@yahoo.com,North Michael,2022-09-03
231,Cameron Rosales,johnstonpatricia@hotmail.com,Patriciatown,2020-12-25
232,Samantha Bailey,james83@yahoo.com,West Thomasstad,2025-02-02
233,Lindsay Richards,lphillips@rhodes.com,East Jennifer,2025-04-24
234,Randy Jones,vmoore@gmail.com,South Caitlinborough,2021-04-23
235,Jade Reed,dsmith@gmail.com,West Jennifer,2025-05-15
236,Rachel Wade,stuart23@anderson.com,South Thomasport,2023-09-02
237,Samantha Patterson,igomez@perkins.info,East Kimberly,2024-05-23
238,Chad Ward,pfrazier@weber.com,Davidton,2025-02-28
239,Antonio Rosario,lisa61@kim-graham.com,Lake Suzanne,2024-02-19
240,Scott Perez,frose@yahoo.com,Port Chelseafort,2021-03-24
241,Connie Hawkins,olsoncarlos@murphy.biz,Lake Brittanyfort,2023-11-19
242,Sean Jones,dawsonkatie@cooper-roberts.org,North Amy,2023-06-01
243,Donald Rogers,wguerra@yahoo.com,North James,2021-04-01
244,Nicholas Short,thomasbrian@fuentes.com,South Williamstad,2021-12-31
245,Mike Lee,julia70@ponce.com,Lake Danielborough,2025-09-12
246,Evelyn Perez,joeelliott@gmail.com,Bryanview,2023-02-28
247,Amy Wilkerson,lopezthomas@english.com,Shortport,2024-10-23
248,Brent Green,rebecca13@harper.org,New Janet,2021-10-09
249,Nicole Ramirez,rhenderson@hotmail.com,West Thomaston,2024-05-30
250,Jennifer Kelly,francisco61@todd-ramos.com,Smithhaven,2024-02-26
251,Matthew Larson,jefferygonzales@kaufman.biz,East David,2023-06-22
252,Scott Carroll,joshuaanderson@yahoo.com,Chenshire,2024-05-15
253,John Downs,michaelfloyd@davis-duncan.info,South Melissa,2022-06-16
254,Martha Bond,xphillips@park.info,Port Robertshire,2023-09-30
255,Lisa Michael,wkidd@johnson-bell.com,Port Andrew,2021-12-29
256,James Anderson,kathrynwilliams@hotmail.com,Mooretown,2022-02-11
257,Thomas Johnson,fordangela@gmail.com,Hurleyberg,2021-12-14
258,Daniel Mason,carlyodonnell@gmail.com,South Joseph,2023-07-25
259,Carl Gomez,melissa05@yahoo.com,Port Lori,2023-06-06
260,Robert Li,smccall@gmail.com,West Jason,2021-11-09
261,Kent Patterson,andrewgreen@carroll-scott.net,Greenport,2023-12-30
262,John Miller,frankemily@gmail.com,New Elizabethhaven,2024-10-31
263,Jeremiah Vega,rachelmartinez@hotmail.com,Sanchezside,2025-06-17
264,Erica Jordan,deniseduffy@shaw.com,Kochburgh,2024-08-13
265,Jocelyn Davis,hendrixkendra@smith-mckee.biz,Chambersmouth,2023-08-02
266,Holly Thomas,seanmartinez@hotmail.com,Port Edward,2021-11-01
267,Allen Reyes,johnsonjennifer@yahoo.com,Carpenterview,2021-12-31
268,Francisco James,wwhite@burton.info,Martinezchester,2025-05-03
269,Rebecca Johnson,robert18@yahoo.com,Jakeside,2021-02-09
270,James Smith,acombs@hotmail.com,East Nicole,2023-08-26
271,Marc Hawkins,fullermichelle@huff.net,West Ian,2021-04-13
272,Lisa Rodgers MD,comptonamanda@barrera.com,Port Jerryfurt,2024-08-29
273,Hannah Murphy,kaitlynharris@yahoo.com,Michaelstad,2022-10-10
274,David Ruiz,nmiller@schwartz-reyes.org,Jeffreyport,2024-04-05
275,Robert White,gjohnson@brown.com,Johnport,2025-02-20
276,Dorothy Barnes,fmontgomery@yahoo.com,Amberview,2021-11-14
277,Valerie Riley,jacksonlawrence@gmail.com,Berryville,2023-10-24
278,Annette Montgomery,jamesmichelle@harper-shepherd.com,Washingtontown,2024-11-16
279,Alicia Hess,evanowens@berry.com,Michelleburgh,2022-02-17
280,Nathan Nash,brookstina@yahoo.com,New Molly,2020-09-18
281,Billy Bennett,mitchellwillie@moore.com,Port Michael,2020-12-08
282,Kimberly Barnes,megancarroll@parsons.org,North Theresafort,2023-05-22
283,James Hill,vanessaspencer@rogers.org,South Rebeccahaven,2021-09-14
284,Joshua Thompson,johnmcintyre@hotmail.com,South Andrea,2022-09-11
285,Brent Stout,bmata@hotmail.com,Thomasborough,2024-02-23
286,Monica Brown,brian59@tran-ortiz.net,South Andrewmouth,2023-06-17
287,Kristopher Valenzuela,fwolfe@fuentes.com,Seanburgh,2024-08-10
288,Laura Hutchinson,gabrielwalton@gmail.com,New Davidborough,2022-06-05
289,Darius Herrera,jacksonbrittany@yahoo.com,South Kristopher,2022-10-25
290,Adam White,christopher16@hotmail.com,Carrollview,2021-10-04
291,Christopher Bell,stewartchristine@buchanan.org,Millerberg,2021-06-20
292,Mark Kennedy,daniel08@burke.com,Port Susan,2024-09-24
293,William Lee,leeregina@hotmail.com,New Stevenbury,2025-01-26
294,Scott Williams,justinthompson@bush.net,Lake Sarahchester,2024-04-07
295,Lee Wolf,williamsshawna@rodriguez-fritz.com,Lake Steven,2024-06-15
296,Kevin Williams,kristinyoung@gmail.com,Morriston,2021-08-10
297,Lori Hall,georgemurray@ortiz-stevenson.com,New Traci,2023-04-21
298,Adam Jackson,hross@gmail.com,Gainestown,2021-06-16
299,Christopher Phillips,nicholascoleman@newton-maldonado.com,Port Erinchester,2022-02-15
300,Marissa Clark,melissa14@schmitt.com,Herreratown,2022-09-18
301,Katherine Coleman,yjackson@hotmail.com,Riosview,2023-05-14
302,William Ibarra,antoniowall@williams.biz,Tylerfort,2024-10-12
303,Tiffany Snow,katherinejohnson@bowman.com,Phillipborough,2021-02-22
304,Rodney Gates,bradleyjohnson@davis.com,Jonathonville,2024-11-09
305,Jason Scott,graydanielle@gmail.com,North Franklinton,2025-07-17
306,Paul Clarke,julian71@roberts.com,Rickbury,2022-05-22
307,Melanie Peterson,macdonaldkim@hotmail.com,New Rachel,2021-02-03
308,Joshua Hughes,wheath@hotmail.com,Carrmouth,2023-05-20
309,Amber Ramirez,rogersraymond@espinoza.com,Scottburgh,2024-03-19
310,Peter Martinez,lisataylor@miranda.net,East Jillville,2021-11-29
311,Jackie Conley,wbryan@hotmail.com,Harrisside,2023-12-08
312,Christopher Grant,brendapalmer@watson.com,North Melissatown,2022-07-09
313,Zachary Cabrera,jason71@gmail.com,North Julie,2024-07-11
314,Stephen Johnson,natashasmith@sherman-thompson.info,Jenniferton,2023-09-06
315,Tom Marshall,johnsonmark@gmail.com,Port Jeffreyberg,2023-03-08
316,Jeremy Flores,webbjonathan@hotmail.com,Julieburgh,2021-10-15
317,Joseph Graves DDS,khobbs@hotmail.com,Lake Kimberlyborough,2023-02-18
318,Molly Forbes,mooreandre@gmail.com,Beckhaven,2021-02-19
319,Jeffery Stevenson,walkerchristopher@gmail.com,Riveraborough,2022-08-31
320,Jack Hernandez,erinlong@yahoo.com,Sharonview,2024-06-04
321,Matthew Parker,christensenamy@acosta.biz,Lake Jonathan,2021-08-22
322,Kayla Ray,xparker@lee-foster.org,Oconnormouth,2023-06-13
323,Suzanne Barnes,pamelaroberts@whitney.org,West Abigailmouth,2021-03-17
324,Jennifer Woods,melissa27@yahoo.com,East Richardstad,2024-02-05
325,Deborah Tran,qwalton@gmail.com,North Allenview,2021-04-20
326,John Thomas,sarakhan@luna.com,East Richardtown,2021-10-04
327,Danielle Rojas,toddwhite@gonzalez.org,Nortonmouth,2023-03-11
328,Benjamin Jackson,dwallace@hotmail.com,Port Lisabury,2023-02-19
329,Nichole Brown,jessica34@harrell.com,Cynthialand,2024-11-28
330,Christopher Castillo,walshpatrick@long.com,Michaelbury,2022-08-21
331,Michael Logan,xjuarez@yahoo.com,South Michaelland,2020-12-07
332,Kristin Werner,crossadam@perez.info,West Charles,2024-05-12
333,Kimberly Lopez,danacarson@gmail.com,Lake Ryan,2025-07-07
334,Melissa Lambert,gibbssarah@hotmail.com,New Crystalhaven,2024-09-15
335,Jessica Johnston,elizabeth67@olson.biz,North Kimberlyside,2022-05-15
336,Vanessa Garrett,vcastaneda@yahoo.com,Lake Sherriburgh,2025-06-19
337,Blake Rogers,codyingram@hughes.net,Michaelberg,2022-06-17
338,Juan Brennan,johnsonisabella@turner.com,East Ashley,2025-04-29
339,Robert Thomas,erikhill@hotmail.com,New Nicholas,2023-12-11
340,Joan Duncan,franciscowalker@gmail.com,Jasonfurt,2024-05-04
341,Karen Le,patricktara@hotmail.com,Robertsfurt,2023-02-09
342,Brandon Thompson,wrightamanda@yahoo.com,West Zachary,2024-01-29
343,Cristian Simmons,cconrad@hall.com,Port Jonathanborough,2021-01-08
344,Zachary Steele,michael76@cole-johnson.biz,Sarahville,2020-11-05
345,Tyler Miller,samuelcunningham@hernandez.info,Jaredside,2024-12-14
346,Dr. Luke Lewis,hansonmelissa@hotmail.com,Lake Matthew,2021-01-10
347,Taylor Parker,bryantearl@hotmail.com,North Jeromemouth,2025-04-25
348,Chad Nicholson,shellyjohnson@roth-adams.biz,Elizabethburgh,2025-04-26
349,William Wallace,charles94@smith.com,West Karenmouth,2025-05-08
350,Kevin Gomez,sweeneylouis@gmail.com,Nathanstad,2021-07-17
351,Chris Bullock,matthewwagner@gmail.com,Pittmanport,2022-11-01
352,Brandon Anderson,michaelrandall@yahoo.com,Ericaburgh,2024-04-11
353,Breanna Cook,gavinanderson@hotmail.com,Smithside,2021-09-21
354,Michael Contreras DDS,hortonjohn@williams.biz,Port Brandonmouth,2021-03-13
355,Christina Jones,maria25@hotmail.com,Muellerfort,2024-04-02
356,Carrie Anderson,deleonshelley@kennedy-morton.com,Scottberg,2023-10-12
357,Craig Lawson,laura43@davis.net,Heathhaven,2024-04-24
358,Daniel Alexander,carolyn78@scott.com,New Daniel,2022-05-12
359,Eric James,zsanchez@hotmail.com,Lauramouth,2025-02-21
360,Debbie Li,linda82@gmail.com,New Rachelfort,2024-12-19
361,Rodney Holmes,wendyhanson@yahoo.com,Deniseton,2022-07-24
362,Alexander Harris,zwalker@moran-stone.com,Shaneport,2024-10-11
363,Diane Bates,lauraochoa@hotmail.com,Allisonmouth,2023-06-16
364,Evelyn Perry,ajohnson@yahoo.com,Santiagoland,2024-10-25
365,Bryan Hall,brycecunningham@yahoo.com,North Tinatown,2022-01-21
366,Shawn Smith,bfleming@gmail.com,Jeffreytown,2024-10-07
367,Crystal Rivera,igallegos@hotmail.com,Danielfort,2022-01-15
368,Mariah Russell,wardbrent@meyer.biz,Davidfort,2022-06-26
369,Mary Wilson MD,oliversierra@spencer-dalton.biz,Jasonville,2023-12-06
370,Carmen Mata,shawn76@yahoo.com,Port Sarahshire,2024-11-09
371,Christopher Brewer,allison17@hotmail.com,Jesseshire,2021-01-03
372,Amanda Key,randy91@frost.biz,Roweberg,2022-06-28
373,John Daniels,emily39@roman.com,West Jacob,2025-01-13
374,Renee Haas,maureen22@gmail.com,Katiefurt,2024-01-08
375,Patricia Flores,johnoliver@blankenship.com,West Daniel,2022-06-12
376,Lee Fletcher,pachecokevin@gmail.com,West Christinaland,2023-01-10
377,Michael Wilson,randyharris@hotmail.com,North Brianstad,2023-04-28
378,Yvonne Norman,jsimpson@morales-lowe.com,East Amyfurt,2022-08-28
379,Daniel Chandler,stevenmclaughlin@yahoo.com,South Crystalborough,2021-01-10
380,Mr. Kyle Sims MD,charles33@evans-gomez.net,South Sergio,2020-10-23
381,Anna Harris,andersonjoshua@hotmail.com,South Emily,2022-02-05
382,Christopher Fernandez,davisrandy@hotmail.com,Brandishire,2025-04-27
383,Brandon Craig,alexander10@burns.org,Angelastad,2023-10-31
384,Robin Moore,shannoncollins@yahoo.com,Lake Anthony,2025-06-03
385,Eileen Aguirre,matthewhart@jones-johnson.com,New Christine,2021-12-27
386,Eric Garcia,ilopez@hotmail.com,Julianhaven,2021-09-04
387,Mary Humphrey,melissaharris@smith.com,Port Andrew,2021-11-15
388,Holly Stone,fholmes@owen.com,New Hector,2023-08-02
389,Krista Gutierrez,crogers@morrison.com,Burnettbury,2023-04-08
390,Richard Rivera,john68@gmail.com,East Ashleyside,2023-01-22
391,Katelyn Wolfe,laura40@gmail.com,Willistown,2022-11-09
392,Barbara Johnson,cameronschneider@cox.net,Port Dana,2023-04-01
393,Andrew Evans,joshua70@owen.com,Juanbury,2023-07-08
394,Amy Conley,michaelballard@villarreal.com,Robertborough,2021-08-22
395,Ashley Gutierrez,bwilson@sparks-morris.com,Jenniferchester,2021-07-23
396,Tyler Horn,james59@black.com,Brandontown,2021-02-08
397,Jacob Smith,jamessmith@bailey.com,Juarezmouth,2024-07-10
398,Joseph Adams,veronicaalvarez@whitney.biz,Lake Erik,2021-01-19
399,Keith Crawford,hyu@smith-woods.info,Dillonville,2021-05-29
400,Carla Newman,kramerroberta@harrison.com,Pierceside,2025-07-10
401,John Salazar,nramirez@murphy.com,North Geoffrey,2021-08-19
402,Stephen Moore,antoniomiller@gmail.com,North Jessica,2023-08-23
403,Margaret Hill,reesecarrie@yahoo.com,Hillville,2024-05-09
404,Tanya Dixon,robertomartinez@butler.net,West Daniel,2021-06-26
405,Kyle Saunders,contrerasheidi@rogers.biz,East Jason,2023-12-13
406,Joshua Torres,wayne20@haas-mitchell.com,West Paul,2020-12-18
407,Nicole Krueger,deborah23@chambers.com,Ronaldmouth,2024-05-16
408,Tyler Harris,mayjared@maxwell.com,New Ashley,2024-09-24
409,Aaron Butler,bradleymichael@hardin-smith.org,Alexanderhaven,2025-01-11
410,Roy Sanchez,christinahuang@johnson-wallace.com,Jacksonville,2023-04-15
411,Melissa Collins,pwatts@casey.org,North Aaron,2021-06-10
412,Kelly Robertson,meganhernandez@gmail.com,South Breannaside,2025-08-05
413,Linda Smith,zpruitt@wolf.info,New Marcusview,2024-12-16
414,Dr. Daniel Smith,richardsonjames@wright.biz,Port Samantha,2025-01-07
415,Rebecca Keith,sjoyce@yahoo.com,New Wesley,2022-12-17
416,Tyler Baker,hurleybrandon@gmail.com,Kellyberg,2022-06-01
417,Amy Yates,bobbybryan@little.com,Lake Thomaston,2021-06-03
418,Tammy Hernandez,megan64@hotmail.com,West Kelseyville,2022-10-25
419,Sarah Yates,christopherguerra@ray-francis.com,North Genemouth,2023-06-19
420,Kathleen Hall,braunlori@gmail.com,Tammyborough,2022-06-04
421,Michael Roberts,jennifer92@phillips-austin.com,Lake Timothyside,2024-11-04
422,Andre Smith,justinmitchell@hotmail.com,Clarkshire,2025-07-01
423,Jennifer Haney,matthew21@miller.com,Jeffreyside,2024-06-19
424,Timothy Flores,james65@gmail.com,Sarahmouth,2021-12-14
425,Miss Morgan Flowers,carrholly@odom.com,Phillipsberg,2024-07-04
426,Elizabeth Myers,brookschristopher@rice-cruz.com,New Justin,2022-02-12
427,Matthew Miller,wanda93@hotmail.com,North Christopher,2020-11-01
428,Jeffrey Jones,qneal@sanchez.com,Lake Douglasfurt,2020-12-04
429,Curtis Ho,umiller@hotmail.com,Jamesland,2021-04-17
430,Michael Campbell,wellsvanessa@black.com,Scotthaven,2021-03-29
431,Tina Walls,heatherbrown@yahoo.com,Port Davidton,2023-05-31
432,Laura Shelton,kelly15@hotmail.com,Brittanyton,2023-07-18
433,Robert Galloway,riveraheather@frank.net,South Ashleytown,2021-08-13
434,Dr. Chad Stone,erogers@hotmail.com,Wrightmouth,2024-04-13
435,Jared Andrews,dominguezbrian@gmail.com,New Elizabeth,2023-02-09
436,Samuel Johnson,joseph09@ross-castillo.com,Cookberg,2023-07-18
437,Guy Ward,christopher78@hotmail.com,Lake Lorifort,2025-05-02
438,Claire Baldwin,christopherflores@gmail.com,Stephensburgh,2025-04-16
439,Suzanne Ross,harmonmelissa@gmail.com,South Ryan,2022-01-30
440,David Clark,shaunparrish@gmail.com,Beckerbury,2024-01-23
441,Heather Sloan,randy65@gmail.com,Jasonchester,2021-04-14
442,Vanessa Hernandez,amymcdowell@burnett.com,East Laurie,2022-12-15
443,James Davidson,karen24@yahoo.com,Lyonsville,2020-12-27
444,Kayla Holland,klopez@gmail.com,East Kennethburgh,2022-09-10
445,Karl Johnson,simonbenjamin@gmail.com,West Michelleside,2021-07-13
446,Nathaniel Faulkner,matthew88@gmail.com,Larsontown,2024-12-27
447,William Grant,amysmith@gmail.com,Willisside,2023-08-08
448,Connie Rios,christopher87@valdez.biz,East Alexanderburgh,2025-07-04
449,Ross Reid,gary57@woods.com,Jaclynfort,2022-07-11
450,Lorraine Robinson,yharris@edwards-wang.org,Hollytown,2024-08-16
451,Nicholas Watts,ritterheidi@roth.com,New Rhonda,2020-11-09
452,Anthony Taylor,wisebrian@ford.com,Jonesville,2025-07-29
453,Gina Gibson,sanchezdouglas@lee.com,Lake Kayla,2023-10-13
454,Bradley Downs,carolyncooper@yahoo.com,New Ryanfort,2023-12-09
455,Melissa Blackburn,evelynaustin@yahoo.com,Murrayburgh,2024-12-11
456,Erin Jones,serranotyler@gmail.com,South Amymouth,2023-02-15
457,Joshua Snow,huberkenneth@hunt.com,Jonathantown,2021-02-16
458,Marcus Dorsey,josephfarrell@howard.biz,Weberborough,2021-09-01
459,Nicholas Morgan,mpatrick@gibson.com,New Thomas,2022-05-18
460,David Wood,christopherhood@hahn.com,South Michelle,2022-09-29
461,Megan Chandler,tyler93@watson.com,Lake Calebport,2023-03-07
462,Mr. Steven Young DDS,stephaniedavis@yahoo.com,North Paige,2020-11-19
463,Michael Hughes,brittanylewis@hotmail.com,Meganmouth,2023-12-09
464,Alexandra Hall,gregorybarnett@yahoo.com,Audreyshire,2025-05-19
465,Hayden Ross,gperez@gordon-gentry.info,Saraview,2023-07-31
466,Michael Melendez,wkelley@hotmail.com,Lake Gregory,2021-03-26
467,Daisy Smith,chad09@mcdonald-dixon.com,Sherryfurt,2024-06-16
468,Brett Beard,matthew95@herrera-smith.net,Jesseport,2021-03-09
469,Ricky Russell,wilsonamanda@hall.com,East Lawrence,2023-06-23
470,Roy Watkins,jonesmatthew@hotmail.com,Kiarabury,2023-06-17
471,Susan Young,vpeterson@allen.biz,Port Eduardochester,2024-06-16
472,Kenneth Davidson,gary34@yahoo.com,Brownfort,2023-07-14
473,Bryce Lee,thomashannah@hotmail.com,Natalieport,2024-07-28
474,Michele Marsh,ashleycastillo@mitchell.com,Ryanfurt,2020-12-25
475,Ronald Martinez,amberwoods@yahoo.com,Donnaton,2022-02-14
476,Kenneth Castro,wellsjames@yahoo.com,Riosberg,2023-08-06
477,Henry Strickland,xperez@gmail.com,West Robertchester,2020-10-01
478,Dustin Downs,ariel91@scott.com,Lawsonburgh,2024-01-08
479,Gabriel Johnston,bailey82@gmail.com,Jackchester,2024-06-26
480,David Murray,david64@steele.com,Lake Daniel,2021-06-28
481,Melissa Jacobs,samantha10@vasquez-kelley.com,Jesusfort,2025-02-02
482,Tara White,annette46@yahoo.com,Silvaville,2025-03-14
483,Lindsay Perez,daniellemartinez@hotmail.com,Changton,2023-02-23
484,Cynthia Johnson,laurenthomas@johnston-bright.com,New Ernestmouth,2024-12-18
485,Jeffery Lee,mary12@gmail.com,Jensenfurt,2022-08-13
486,Susan Curtis,walshvirginia@maxwell.info,North Katherine,2021-01-05
487,Alejandro Olson,stevenjones@hotmail.com,New Alexisville,2021-05-11
488,Haley Fowler,qparks@yahoo.com,West Yvonne,2024-03-08
489,Brooke Barron,morrisjuan@vazquez.org,Port Jessica,2020-11-12
490,Caleb Macdonald,nicole64@gmail.com,Whitetown,2023-05-01
491,Lori Tran,brianharper@gmail.com,New Danielside,2021-06-04
492,Francisco Barrett,rebecca14@butler.org,Susanhaven,2022-03-20
493,Whitney Mann,valerieschmidt@mccormick-moore.com,Mariatown,2025-07-16
494,Sue Campos,nathanharris@hotmail.com,Edwardbury,2022-09-02
495,Dale Rodriguez,peckdebra@hotmail.com,Johnsonview,2021-06-16
496,Erik Warren,markmorris@thornton.com,Cardenasfurt,2025-08-01
497,Mr. Justin Solomon,lopezlawrence@lynch-phillips.info,Port Sean,2024-07-31
498,Michael Monroe,epetersen@gmail.com,New William,2022-11-30
499,Stephen Edwards,jessica71@davis.com,Ramosmouth,2020-12-19
500,Jenna Ray,novakjeremy@nguyen.com,Wagnerland,2020-11-15
501,Stephanie Lee,charlesstanley@yahoo.com,Kaylaborough,2023-07-25
502,Gabriella Griffin,chorne@hotmail.com,Port Mark,2024-07-20
503,Kimberly Flynn,craigkatherine@ray.com,Lake Benjamin,2025-09-02
504,Jose Austin,qwalker@garcia-raymond.com,South Jamiebury,2023-03-03
505,Marie Paul,rcastillo@gmail.com,Morrisburgh,2022-06-20
506,Kenneth Wallace MD,alicia25@yahoo.com,Lake Nicholeburgh,2025-03-14
507,Brittany Oconnor,paula09@yahoo.com,Harveyland,2020-10-05
508,Jason Mitchell,kellychristopher@gmail.com,Davidborough,2020-12-13
509,Thomas Terry,vickiedouglas@murphy.com,West Ashleymouth,2023-11-17
510,Anthony Franklin,matthewsandoval@gmail.com,Timothyville,2024-07-10
511,Holly Smith,patricia45@miller.com,Matthewsborough,2024-11-16
512,Jeffrey Graham,ryan61@hotmail.com,Heatherview,2021-08-07
513,Sandra Olson,charlesingram@hotmail.com,Port Samanthaburgh,2020-11-12
514,Cindy Kim,okim@gmail.com,North Samantha,2024-04-30
515,Jeffrey Stevens,anthony18@wheeler.com,Thomashaven,2023-12-27
516,Melissa Ramos,duncanjennifer@yahoo.com,East Davidview,2022-03-01
517,Rebecca Daniels,jjoseph@peters.com,Paulview,2023-08-29
518,Trevor Stone,heatherstevenson@combs.net,Birdburgh,2024-05-25
519,Adam Johnson,parker53@jones.biz,New Laurie,2023-05-01
520,Michelle Ward,thess@stephens.org,South Noah,2022-02-20
521,Alexander Silva,tamara32@hotmail.com,New Amyhaven,2021-05-12
522,Stephanie Gordon,zpace@gmail.com,Wilkersonmouth,2023-02-18
523,Douglas Brock,qmcgee@robbins.com,Martinville,2022-06-27
524,David Alvarez,lloydterrance@hotmail.com,West Jakefurt,2024-06-06
525,Joseph Tran,oburns@hester.com,Margaretview,2021-12-28
526,Scott Black,angelagarcia@smith.com,North Joshua,2025-09-03
527,Sara Ballard,robert17@mclaughlin.com,North Ianton,2022-12-22
528,Nathaniel Bailey,kevinhogan@hotmail.com,West Robert,2021-01-19
529,Brittany Lee,clinemark@yahoo.com,West Jacobview,2022-08-11
530,Jack Knapp,jenniferthomas@morrow.net,Lake Joshua,2023-06-15
531,Steven Mcmillan,marie86@stokes.com,Port Tonyaport,2025-03-02
532,Brent Diaz,duanesmith@riley.com,Duranfurt,2025-04-02
533,Joseph Orozco,kristenibarra@hotmail.com,Melissaburgh,2021-09-06
534,Justin Carter,michael88@lawson-harris.org,North Jenniferfurt,2024-09-07
535,Meghan Bender,snavarro@hotmail.com,Miguelshire,2022-05-27
536,Alisha Atkinson,sarahallen@wilkinson-bennett.com,Richardmouth,2021-08-30
537,Meredith Robertson,janet50@yahoo.com,Marcusland,2020-12-20
538,Elizabeth Wells,paul44@gmail.com,West Bethland,2023-05-15
539,Larry Allen,samanthabrady@hotmail.com,Jasonton,2024-12-27
540,Brian Brooks,cameronwall@hotmail.com,Kevinhaven,2024-04-08
541,Dr. Brittany Chambers DVM,christopher35@hotmail.com,Port Ginaside,2023-07-03
542,Charles Moore,sabrina47@price.org,East Madison,2020-09-21
543,Joseph Gilmore,jenningsdeborah@park-walker.com,Christopherborough,2025-05-01
544,Kevin Fuller,reidkathleen@eaton.com,North Sylvia,2020-09-19
545,Mario Fletcher,fthornton@hotmail.com,Kellyland,2020-11-06
546,David Butler,joshuawelch@gmail.com,East Monica,2024-08-11
547,Robert Haley,akemp@nguyen.com,South Keithton,2021-03-16
548,Cynthia Johnson,zgilbert@graves.com,Cindychester,2023-11-05
549,Lynn Jimenez,ellen10@hotmail.com,Hopkinsland,2022-05-17
550,Christina Cook,nchristian@anderson.biz,Katherineside,2023-07-05
551,Joshua Nielsen,hayessteven@gmail.com,Jordanborough,2022-06-19
552,Megan Santos,tonianderson@yang.com,Richardport,2023-11-13
553,Thomas Mccoy,taylor45@hotmail.com,Moranberg,2022-09-25
554,Michael Coleman,erinblack@kerr.com,Lake Jesuschester,2023-11-24
555,Megan Adams,jessicachambers@crawford-oliver.net,Lake Gracemouth,2021-01-25
556,Jamie Wood,davidsondanny@butler.org,Port Jacob,2022-07-02
557,Heather Mora,fwaters@hotmail.com,East Randyland,2023-06-23
558,Carlos Martinez,bellkatherine@yahoo.com,Conradberg,2024-12-03
559,Jennifer Bryan,asmith@hotmail.com,North Thomas,2022-06-20
560,Jason Page,baileyjohn@hotmail.com,Conleyton,2024-08-30
561,Tiffany Martin,rivastim@gardner.com,South Brittany,2025-04-21
562,Jon Hayes,obriensherry@hotmail.com,Ramirezview,2021-06-22
563,Steven Ellison,denise07@hotmail.com,East Diane,2022-12-09
564,Jessica Cooper PhD,freemanrachel@chang-richard.org,Lindabury,2021-03-31
565,Denise Stanley,patriciajohnson@garza.info,New Willie,2022-09-04
566,Cynthia Chan,saundersdenise@hotmail.com,East Aaron,2024-12-16
567,Tammie Richards,paulsweeney@pope.net,Smallfurt,2023-08-30
568,Dr. Joyce Young,melissa97@nguyen-anderson.info,Port Kylechester,2023-12-10
569,Joshua Johnston,usmith@hotmail.com,West Brianfort,2021-06-06
570,Brian Gregory,jefferycastaneda@christensen.biz,Christopherfort,2024-01-31
571,Andrew Johnson,kellerjames@adams-wallace.net,North Shawnside,2023-06-26
572,Christopher House,grayryan@gmail.com,New Brandiview,2025-04-23
573,Jasmine Cook,hannah52@anderson.com,Lake Cody,2023-01-14
574,Anne Davis,swansonann@gmail.com,South Davidstad,2021-09-13
575,Nathan Smith,bwilson@jennings.biz,Grantshire,2025-08-21
576,Craig Anderson,martin56@smith.net,Kathyburgh,2022-11-17
577,Barbara Nguyen,alvarezrebecca@yahoo.com,Lake Haroldshire,2022-02-06
578,Curtis Murray,esmith@gmail.com,Lake Tracybury,2021-05-02
579,Leroy Wong,edgar26@peterson-lowe.com,Fisherview,2024-11-01
580,Timothy Kent,smiller@brown-foley.net,Erikside,2025-04-04
581,Nancy Salinas,tkim@young.org,Nicholaschester,2024-12-16
582,Mrs. Samantha Gonzalez,haroldponce@tran.com,Perrytown,2023-03-16
583,Mark Stewart,matthew41@hotmail.com,East Kellyshire,2022-01-30
584,Chad Mccall,carolyn61@thompson-sanders.com,West Kenneth,2025-02-16
585,Diane Lloyd,silvajames@hotmail.com,Martinezborough,2024-11-20
586,Jeffrey Kirk,juliawilliams@gmail.com,Lake Angelicafort,2021-08-04
587,Cynthia Thompson,dmartinez@bradford.com,Lake Scottport,2024-03-21
588,Cassidy Ellis,rogershunter@gmail.com,Crystalton,2022-04-02
589,Diane Haas,weberjacob@hahn-nielsen.org,New Colleen,2021-06-13
590,Paula Medina,boydandrea@hotmail.com,Port Abigailchester,2022-08-20
591,Jacob Ward MD,uwilliams@yahoo.com,Garciamouth,2023-06-04
592,Todd Jones,martinkatherine@obrien.com,Thomasland,2022-08-17
593,Guy Walker,dayzachary@gmail.com,North Donna,2024-07-05
594,April Evans,jlambert@myers.net,Perezfort,2025-09-06
595,Felicia Jones,stephen77@walker.net,Hoffmanmouth,2023-06-12
596,William Thomas,nguyenrobert@jones.net,New Christopherfort,2025-07-02
597,Terry Phillips,silvakimberly@cardenas.info,Andersonmouth,2021-10-31
598,Daniel Johnson,amberhill@yahoo.com,East Stacy,2025-02-23
599,Brian Tate,garzabrian@hotmail.com,Frazierton,2022-10-05
600,Michael Gonzalez,andrewvaldez@jarvis.biz,New Jonathan,2021-04-27
601,Brendan Cabrera,fpatterson@huff-chavez.com,North Courtneytown,2022-06-08
602,Donald Johnson,barry30@gmail.com,South Nataliefurt,2022-09-04
603,Erik Barnes,rrussell@yahoo.com,Riceborough,2023-07-30
604,Jonathan Ferguson,kellyblackburn@smith-moore.info,Amandamouth,2021-02-16
605,Lee Villarreal,zmckenzie@hotmail.com,Klinemouth,2020-11-20
606,Melissa Green DVM,coryjones@lawrence.com,Terryberg,2023-01-18
607,Joel Solomon,pamela26@wilson-kelly.com,West Lori,2021-11-26
608,Cheryl Mcdaniel,jenniferlambert@maldonado.com,Stevenbury,2022-11-26
609,Elizabeth Horton,sarah10@ford.com,Nelsonshire,2022-07-05
610,Joseph Moore,matthewsgregory@andrews-henderson.com,South Derrick,2024-09-22
611,Adam Chang,whitelisa@gmail.com,Lake Crystal,2024-10-31
612,Lauren Lopez,twagner@duffy-shelton.com,South Tammystad,2020-12-08
613,Carolyn Patterson,oconnorruth@gmail.com,Angelaton,2024-06-10
614,Aaron Patrick,erikking@gmail.com,New Shelleyview,2021-01-06
615,Michael Chan,osmall@yahoo.com,South Steven,2021-06-01
616,Kevin Jones,james06@hotmail.com,Dyershire,2023-12-30
617,Crystal Robinson,lisawheeler@reyes.com,West Michaela,2023-02-12
618,Brandon Williams,matthew15@edwards-clark.org,South Luis,2022-03-08
619,Paul Oliver,john47@davis.com,Hernandezshire,2022-02-05
620,Barbara Mcneil,katherineboyd@hotmail.com,Nicolefurt,2025-04-05
621,Carol Hill,vibarra@yahoo.com,Dorseyville,2023-02-22
622,Alicia Hopkins,tina99@benton.info,Lake Marissashire,2023-06-25
623,Mia Garcia,ramirezkevin@gmail.com,Sarabury,2024-11-16
624,Monique Bowman,kpoole@hester.com,Shawland,2025-02-26
625,Carrie Davis,ebruce@yahoo.com,Bakerview,2021-12-14
626,James Padilla,boydkaren@mitchell-lam.net,Sonyaburgh,2021-05-02
627,Alexander Weber,amywilkerson@bryant-fowler.org,New Stacie,2023-03-23
628,Jeremy Evans,fpineda@woods.com,New Barrychester,2023-01-21
629,Carla Brennan,ambermay@gmail.com,New Mikayla,2021-09-29
630,Clarence Wheeler,mackenziejensen@logan.com,North Brent,2023-12-06
631,Daniel Martin,tiffany60@gmail.com,Lake Jeremyside,2023-09-11
632,Samuel Ray,wolfepatricia@yahoo.com,Markstad,2022-02-16
633,Jessica Brown,toni60@hotmail.com,New Angelashire,2022-07-07
634,Stephen Kelly,nancywilliams@gmail.com,East Jimmyberg,2021-01-12
635,Emily Brooks,kimberlyferguson@hotmail.com,Gonzalezton,2022-10-21
636,Molly Duran,ybrowning@hotmail.com,Christophermouth,2024-04-11
637,Anthony Curry,melissadennis@gmail.com,Erinmouth,2021-10-08
638,Steven Miller,wardsavannah@hotmail.com,Parkertown,2023-02-10
639,Patricia Rasmussen MD,stewartsherri@yahoo.com,West Nicoleberg,2021-07-28
640,Andrew Poole,czamora@yahoo.com,Rachelberg,2024-04-01
641,Barbara Williams,mcleannicholas@mercado.com,Angieburgh,2021-05-23
642,Patrick Miller,richard03@anderson.org,Crossberg,2021-05-12
643,Kelli Hill,christopher08@gmail.com,West Amy,2021-11-14
644,Mr. George Andrews PhD,matthewwilliams@hotmail.com,New Kelly,2021-04-28
645,Gary Lee,tammyfernandez@hotmail.com,South Brianview,2022-06-03
646,Denise Moore,wcurry@yahoo.com,Patelshire,2025-09-04
647,Amy Landry,gateschristine@gmail.com,Martinport,2023-08-20
648,Anthony Cole,reesekeith@yahoo.com,Joshuachester,2021-12-24
649,Carrie Ball,kathrynsmith@walker.org,New Stacyborough,2024-11-11
650,Stephen Wall,sjackson@yahoo.com,Martinfurt,2021-03-07
651,James Tran,wooddebra@whitaker.com,Jamieburgh,2025-02-18
652,Samantha Anderson,qalvarez@brown-weaver.com,Lake Walter,2022-10-23
653,Robert Patton,brookerodriguez@leblanc.com,South Jeremiahside,2021-10-20
654,Albert Robbins,juarezheidi@oliver.org,Port Michael,2024-07-22
655,Joseph Hernandez,meganherrera@zhang-murillo.biz,Brooksland,2024-11-03
656,Steven Flores,jonathanmurphy@yahoo.com,New Jonathanshire,2022-05-01
657,Jonathan Robbins,waynedaniel@hotmail.com,New Davidborough,2021-01-27
658,Jeffrey Clark,mfisher@kim-bates.org,Curtishaven,2020-12-19
659,Jimmy White,deckermary@gmail.com,Brandonmouth,2022-09-09
660,Lee Peterson,matthew83@wolf.com,North Fernando,2023-04-19
661,Diana Smith,beverlycortez@yahoo.com,Lake Rebeccaton,2024-04-29
662,Tyler Fletcher,yanderson@gmail.com,Watsonfurt,2023-11-15
663,Ashley Alvarez,bpark@yahoo.com,North Christian,2023-01-28
664,Christina Snyder,angelaglenn@gmail.com,South Kellychester,2023-11-30
665,Donald Castro,ireed@hall.info,West Alex,2025-07-25
666,Angela Stephenson,joycejohnson@hill.com,Kaylabury,2024-01-16
667,Barbara Reed,shelbyknight@steele.com,West Lauramouth,2021-04-29
668,Jennifer Ramirez,tpatton@brown.com,Lake Kevin,2022-12-26
669,Henry Jimenez,lozanodavid@sanchez-nunez.com,Cookchester,2020-10-30
670,Vincent Pena,angela56@gmail.com,Cesarburgh,2024-02-13
671,Tracy Friedman,charles23@davidson.info,North Shannonstad,2024-06-08
672,Michael Byrd,dominic80@hotmail.com,South Markhaven,2022-06-02
673,Tina Joyce,lacey79@henry.biz,West Alison,2023-12-18
674,Philip Spears,robinsonarthur@hotmail.com,East Ann,2022-01-21
675,Adam Copeland,brandtrobin@hotmail.com,Blackwellchester,2021-04-11
676,Charles Welch,angelathompson@hotmail.com,New Julie,2025-02-16
677,Johnathan Martin,wpatel@rubio-duran.com,East Tiffany,2020-12-10
678,Christina Porter,gregorymckinney@greene-bartlett.com,Erinburgh,2021-08-07
679,Paul Garcia,klucero@johnson.com,Thompsonshire,2024-11-22
680,Maria Walls,pmeyer@grant-thomas.com,South Amyburgh,2021-09-17
681,Matthew Smith,walkerpatricia@yahoo.com,Leefurt,2022-02-19
682,Victoria Irwin,stephen85@frazier.com,West Jesse,2025-08-24
683,Kyle Bates,stephaniebarton@gonzales.net,South Brookechester,2021-12-19
684,Lisa Collins,beanchristina@gmail.com,East Ericstad,2025-02-08
685,Kerry Henry,lthomas@yahoo.com,Leonardstad,2022-09-16
686,Kristen Smith,robert58@yahoo.com,South Joshuaside,2021-09-02
687,Christine Shelton,shannon13@fernandez.com,Georgeville,2023-05-11
688,Brianna Davis,andrew24@gmail.com,Port Gregoryfurt,2024-05-06
689,John Robinson,zbaker@wiley-simpson.info,Joshuastad,2024-12-24
690,Anthony Miller,gkeller@gmail.com,West Jack,2024-04-06
691,Kimberly Perry,lfuller@yahoo.com,New Michaelchester,2025-04-14
692,Dustin Fowler,staylor@gmail.com,Ashleystad,2021-11-20
693,Shannon Kirk,webbsherry@gmail.com,Port Stephenside,2022-08-11
694,Sheri White,charles64@gmail.com,Lake Brian,2021-03-31
695,Sandra Griffin,jacquelinekhan@lewis.com,Andrewview,2023-12-30
696,Jared Williams,imorgan@gmail.com,North Donna,2025-06-19
697,Sarah Stewart,hcochran@robertson-reynolds.biz,Andersonton,2021-03-10
698,Dominique Butler,gallowayronald@adams-jones.com,East Dennismouth,2021-11-20
699,Robert Thomas,rachel49@hotmail.com,East Michael,2024-01-07
700,Abigail Stein,justinschaefer@byrd-coleman.com,Ericaville,2022-10-18
701,Larry Hanson,prattaaron@hotmail.com,Port Michelle,2024-11-17
702,Sophia Rhodes,hicksjohn@hoover-williams.com,South Andrew,2021-09-19
703,Geoffrey West,jamesdixon@hotmail.com,Alyssaport,2021-05-10
704,Mary Walters,johnsonpaul@hotmail.com,Alexandriastad,2021-09-29
705,John Williams,david58@pena.com,East Dawn,2024-07-24
706,Julia Johnson,chase78@hotmail.com,East Jenniferfurt,2024-11-21
707,Jeanne Miller,ellisontimothy@gardner-fleming.org,Elizabethside,2024-02-18
708,Olivia Guerrero,shannonmichael@hotmail.com,East Andrewville,2024-11-24
709,Diana Beard,ffernandez@simpson.info,Mosleyview,2025-02-16
710,Keith Rodgers,moranstephen@jones.com,West Matthewshire,2024-01-05
711,Ryan Robinson,bromero@hooper-collins.com,South Christophermouth,2024-09-15
712,Jessica Weeks,brandon12@hotmail.com,Lisatown,2021-07-08
713,Douglas Adams,cburke@yahoo.com,North Sarah,2021-05-22
714,Joseph Pham,hartmansarah@cunningham.com,Frederickmouth,2025-01-02
715,Travis Carey,ortizkenneth@hotmail.com,Fergusonberg,2023-05-18
716,Christopher Clark,dalton17@edwards.com,Sarahberg,2025-02-02
717,Jordan Mcgrath,kpeterson@hotmail.com,South Steven,2024-02-01
718,Matthew Baker,anna77@yahoo.com,Lake Tonya,2024-05-21
719,Michael Smith,darren64@yahoo.com,Lake Tracey,2024-01-06
720,Martin Patterson,eric03@ford-foley.net,Ashleyborough,2023-05-29
721,Christine Gordon,yobrien@yahoo.com,Bradshawview,2022-06-28
722,Jessica Morrison,yangsean@rivera-clay.com,Bobbyville,2020-09-24
723,Shannon Ross,johnsonmichael@strickland.com,North Danielle,2022-12-30
724,Diamond Jackson,dunndennis@gmail.com,South Courtney,2021-03-27
725,Priscilla Sexton,calvinsingleton@anderson-ryan.com,Elizabethmouth,2025-05-19
726,Troy Collins,iortega@yahoo.com,New Christine,2021-05-26
727,Christopher Andrews,christinecolon@allen.com,Adamsville,2024-12-21
728,Savannah Ortega,melindamartinez@thomas-hines.com,Austintown,2022-04-23
729,Scott Williams,kimreeves@harrell-rodriguez.info,Lake Lindamouth,2023-06-01
730,Kayla Ramos,jamescruz@yahoo.com,West Laura,2022-10-02
731,Bryan Thomas,karroyo@yahoo.com,Kerrville,2023-05-08
732,Erin Adams,pamela22@yahoo.com,Elliottshire,2022-12-14
733,Glenn Farmer,coxamanda@coffey.info,Lake Williambury,2022-03-10
734,Kenneth Lopez,johnsonpaul@hernandez-jordan.com,Port Elizabethhaven,2022-09-27
735,Mary Hill,benjaminatkinson@chambers.net,Mercadoborough,2023-03-19
736,Randall Valenzuela,mejiajeremy@hotmail.com,North Shannonmouth,2022-04-12
737,John Levine,amandabird@hotmail.com,Orozcoborough,2023-02-03
738,Morgan Gonzalez,chad27@owen.biz,Emilyland,2021-05-24
739,Mary Estes,qschwartz@gmail.com,New Jenniferborough,2025-06-01
740,Steve Johnson,burkenicholas@hammond.net,Lake Daniel,2024-02-02
741,Megan Chaney,sarahsullivan@weaver.com,Warefort,2021-02-06
742,Daniel Hanson,lramirez@yahoo.com,Lake Jimmyburgh,2022-04-24
743,Sophia Rocha,alexis75@drake-wright.com,Goodwinstad,2021-03-15
744,Mrs. Amanda Wood,boydlaura@burnett.biz,South Connieshire,2025-08-17
745,Michael Soto,lisa30@compton.com,Lake Danielle,2025-05-28
746,Rebecca Hernandez,normanpaul@yahoo.com,South Carolshire,2022-04-18
747,Daniel Snyder,pcameron@gmail.com,Angelaborough,2023-03-05
748,Amanda Goodwin,andersontodd@smith-merritt.info,North Deanna,2022-05-07
749,Jacob Meyer,michaeldaniels@hotmail.com,South Heather,2021-07-16
750,Todd Kane,robertfarrell@sweeney.biz,Joneston,2022-03-14
751,Heather Spencer,jonesjason@hotmail.com,West Kimberly,2024-09-14
752,Kristina Lindsey,zyoung@patterson-johnson.info,New Christina,2022-03-17
753,Chad Anderson,paul18@jackson-rogers.net,North Adamhaven,2024-04-02
754,Sally Riley,devin63@yang.com,North Jamesmouth,2023-05-13
755,Claire Kennedy,iclarke@lopez-miller.info,West Moniqueview,2025-08-13
756,Vernon Curtis,glenn68@reed.biz,East David,2024-05-28
757,Dennis Gray,heatherlee@benjamin-wilkins.net,South Taylor,2025-06-17
758,William Lindsey,jeremythompson@hotmail.com,Denisebury,2022-08-29
759,Henry Keller,timothy22@floyd-santiago.com,West Carmenville,2023-10-07
760,Jessica King,tstephens@hotmail.com,Lake Amberborough,2023-02-01
761,Nichole Obrien,williamsveronica@hampton.biz,New Susan,2022-06-22
762,Jennifer Jones,morrisonkevin@gmail.com,Garrisonport,2024-09-01
763,Tiffany Smith,tmartinez@gmail.com,Bridgetside,2021-10-27
764,Claudia Lindsey,mendozaanna@gmail.com,New Paula,2024-09-29
765,Eric Carter,greenbarbara@hotmail.com,Collinsview,2022-06-26
766,Rebecca Duncan,egross@yahoo.com,South Carl,2021-08-18
767,Benjamin Schwartz,xlamb@yahoo.com,South Joy,2022-10-17
768,James Kelley,nathanwagner@yahoo.com,New Terry,2025-06-29
769,Dr. Rebecca Walker,erica17@yahoo.com,Lake John,2021-01-27
770,Abigail Kim,wwebb@hotmail.com,Kimberlyview,2020-10-05
771,Rachel Shepherd,matthewquinn@hotmail.com,South Kevin,2024-12-19
772,Teresa Best,butlersherry@hotmail.com,Lake Sandrashire,2021-01-01
773,Christopher Murphy,evelynblevins@yahoo.com,Victoriahaven,2023-06-24
774,Angela Pitts,qhunter@hanna-stanley.net,Lake Erinburgh,2022-03-12
775,Colleen Le,loweryregina@hotmail.com,North Thomasfort,2022-09-13
776,Mark Durham,walkerchris@reyes.org,Johnathanhaven,2022-02-21
777,James Evans,muellerbonnie@hotmail.com,Aliburgh,2022-07-20
778,Andrew Smith PhD,fletcherkevin@bennett.com,Port Tracy,2023-12-19
779,James Gonzalez,gailstark@yahoo.com,West Joseside,2024-02-15
780,Paula Santos,chanronald@gutierrez-munoz.com,Gonzalezview,2020-12-02
781,Brittney Knight,garciapaul@bruce-vaughan.org,North Mariatown,2022-09-13
782,Amy Evans,angelahoffman@cook-morales.com,Andrewhaven,2024-04-07
783,Mark Maddox,karengreen@hotmail.com,East Thomas,2021-05-10
784,Danielle Garcia,scottelizabeth@gonzalez-mcknight.com,West Andre,2021-10-09
785,Andrea Nichols,cmiddleton@yahoo.com,Carlosland,2023-12-04
786,Tyler Baldwin,hoodsarah@ashley.net,Port Tony,2024-05-10
787,Gregory Brown,mooremolly@gmail.com,Deanborough,2023-04-28
788,Megan Gibson PhD,aaronharris@richardson.com,North Lorifurt,2023-03-11
789,Elizabeth Davis,hardyheather@hotmail.com,Lake Edwardtown,2024-07-10
790,Jason Alexander,johnsonbrandon@gmail.com,Leonardfurt,2023-04-18
791,Brian Hutchinson,jenniferbarnes@hotmail.com,East Sandraburgh,2023-05-24
792,Robert Henderson,fwallace@jones-hooper.com,West Samantha,2020-11-03
793,Jason Bell,martinjudy@riley-williams.info,Port Jeffreystad,2025-01-18
794,Tina Wilcox,yfrancis@yahoo.com,Kendraport,2024-11-25
795,Jennifer Collins,james76@boone-smith.net,Pattersonmouth,2024-08-24
796,Jaime Ross,nlivingston@dean.biz,Christopherchester,2025-03-31
797,Marcia Wright,millerrobert@lawson.org,Kylehaven,2023-12-08
798,Veronica Strong MD,michellehamilton@vaughn.net,Lake Saraview,2022-04-16
799,Cynthia Jacobs,sboyle@gmail.com,East Micheleville,2024-11-18
800,Craig Harrell,kyleli@gmail.com,East Jamesfurt,2024-04-29
801,Gregory King,benjaminavila@young.org,Port Karenhaven,2023-05-25
802,Marie Richards,williamsnatasha@yahoo.com,Heatherchester,2023-04-11
803,Emma Matthews,award@yahoo.com,Lake Jasonport,2025-03-07
804,Justin Brady,wcook@yahoo.com,Jenningston,2020-10-16
805,Crystal Lozano,williamskaren@hotmail.com,Port Anne,2024-01-19
806,Todd Harvey,rosejoshua@greene.biz,Dennisfort,2021-10-16
807,Michael Davis,victoriaarmstrong@hunt.com,Adamsmouth,2020-10-29
808,Michael Davis,davidponce@yahoo.com,Diazview,2023-11-25
809,Shawn Mueller,hernandezgerald@henderson.com,Kristinside,2024-03-17
810,Mark White,victoria73@yates.biz,South Zacharyside,2022-11-07
811,Maria Ortiz,mariakemp@green.org,Jacksonchester,2022-09-21
812,Shelby Turner,jcoleman@knox.com,West Cynthia,2024-04-17
813,Wanda Bishop,smithdebra@sutton-porter.com,Courtneyport,2021-11-10
814,Robert Hendricks,cortezjulie@thompson.com,Kellyburgh,2022-12-31
815,Kimberly Escobar,robert38@miller.net,South Robertmouth,2025-03-12
816,Jesus Jones,welchashlee@andrews-simon.com,Whiteview,2024-01-30
817,Sara Thompson,walkerbrian@hotmail.com,Brianabury,2024-05-29
818,Michael Shepherd,hguerrero@kirk-dominguez.com,East Cody,2021-10-28
819,Patricia Conley,davidgriffin@ali-wright.com,South Jordantown,2022-07-04
820,Calvin Owens,vanessarusso@hotmail.com,New Amanda,2023-07-04
821,Rhonda Small,joanne79@hotmail.com,Salasland,2023-08-06
822,Tonya Williams,nicolebright@baker.com,New Briannamouth,2021-06-14
823,Shannon Wright,brendabennett@hotmail.com,New Cynthiaport,2023-07-26
824,Daniel Brennan,kylesnyder@yahoo.com,North Jamieborough,2022-12-26
825,Matthew Martin,johnsonmaria@shaw.net,Beverlyberg,2021-08-17
826,Amber Hart,asanchez@yahoo.com,West Williamfort,2023-01-24
827,Laura Garcia,walkertroy@krause.info,Nunezview,2020-11-13
828,David Smith,michelesantiago@gordon-wright.info,South Emily,2023-06-22
829,Jamie Mullins,ofreeman@barber.com,Lake Stephen,2023-11-22
830,Frances Jordan,rebecca54@steele.com,New Christopherton,2022-06-18
831,Steven White,hallcaroline@gmail.com,Anneborough,2023-10-05
832,Mark Liu,gomezcarrie@bonilla.com,Riverafurt,2025-09-05
833,Shelly Hill,slopez@gmail.com,New Jacobton,2021-03-15
834,Elizabeth Dunn,elliottmelissa@yahoo.com,South Anthony,2024-09-28
835,Rachel Foster,tiffanywood@mcfarland.org,Tonyberg,2021-02-04
836,Deborah Williams,ywallace@yahoo.com,Luisville,2022-12-01
837,Michael Parsons,kimberlyhenderson@gmail.com,Patricktown,2025-01-04
838,Kimberly Hill,matthewhill@ward.com,West Destiny,2024-04-22
839,John Owens MD,christopher97@hotmail.com,West Ashley,2022-06-01
840,Ricardo Miles,theresaholland@guzman.net,Ryanchester,2022-09-12
841,Jessica Ellis,jhensley@mcconnell-coleman.com,Kelleymouth,2022-05-17
842,Dr. Paul Mclaughlin II,haleybraun@gmail.com,Lake Allison,2023-08-08
843,Bradley Maldonado,jason29@lewis.com,East Madelineville,2024-11-23
844,Diana Foley,rachelchang@williams.info,South Alexandra,2021-04-06
845,Debra Wilson,saundersjonathan@ellison.com,Parkershire,2023-05-20
846,John Thompson,sclark@hotmail.com,New Joan,2023-01-10
847,Cheryl Carter,kristin70@ray.com,East Melissa,2024-07-18
848,Amanda Blake,leah47@montgomery.com,Port Marchaven,2022-04-03
849,Gregory Hardin,sandra03@yahoo.com,Randyborough,2020-09-15
850,Andrew Norris,josephadams@tate-nash.com,Wellsview,2020-11-11
851,Adam Delgado,michaelbest@santos-taylor.com,Holmesside,2023-03-22
852,Justin Jacobs,imiller@rodriguez.com,Lindsayfort,2025-08-21
853,Jessica Cox,geoffreydixon@yahoo.com,West Kristophermouth,2020-12-06
854,Cheryl Sullivan,wattsdustin@gmail.com,Holmesburgh,2023-06-18
855,Michael Travis,breyes@warren-parsons.com,Port Alexander,2024-10-04
856,John Thomas,suzanne74@gonzales-santos.com,North Stanley,2024-03-05
857,Christina Estes,matthewnguyen@hotmail.com,West Paul,2024-04-23
858,Sean Manning,mbarber@bailey.com,East Jane,2022-03-19
859,Janet Oconnor,kimmcneil@hotmail.com,West Lauraburgh,2021-04-27
860,Dr. Megan Petty,christopherball@edwards.org,Jaredside,2021-05-20
861,Desiree Lang,ryan57@yahoo.com,Caseyshire,2023-01-19
862,Christopher Guzman,garciamichael@hotmail.com,Medinafurt,2024-01-17
863,Mark Munoz,kevin92@lowery-bauer.biz,West Michelle,2023-09-02
864,Paul Roberts,hopkinskaitlyn@hotmail.com,Tonyfurt,2023-05-06
865,Casey Huffman,briandavis@schmitt-thompson.org,Pearsonton,2023-09-25
866,Elizabeth Harris,justinhuerta@meyer-schroeder.info,Wilcoxmouth,2022-01-26
867,Victoria Ross,bli@harris.net,Johnport,2023-11-02
868,Ashley Martin,burgessjustin@mercer.com,Lake John,2024-10-30
869,David Rogers,dominguezmichelle@deleon-morris.biz,Scotttown,2024-02-19
870,Gary Bean DDS,jennifer60@yahoo.com,West Douglas,2022-12-27
871,Joy Edwards,davisjames@gmail.com,Diazberg,2021-01-13
872,Jillian Powell,gkane@hotmail.com,Kylefort,2023-03-14
873,Robert Morgan,eric99@grant.com,East Robert,2025-04-14
874,Kathryn King,william75@yahoo.com,Fuentesport,2024-12-03
875,Tyler Cohen,vrobinson@hotmail.com,Jonathanville,2022-07-13
876,Edward Sims,roberteverett@gmail.com,Port Peterside,2025-06-18
877,Lisa Cooper,lucasjoshua@yahoo.com,East Jessicaside,2024-03-16
878,William Kirk,nhall@thomas.net,New Jesse,2024-04-19
879,Carla Crawford,keith95@hotmail.com,Harmonberg,2025-08-02
880,Ann Young,courtneyrussell@hotmail.com,Maciasberg,2025-07-28
881,Theresa Fuller,andrea33@dunlap.info,Monicaton,2021-09-09
882,William Reed,pwallace@sullivan.biz,Maddenton,2021-03-08
883,John Maldonado,stevensmith@hotmail.com,Port Norman,2024-03-17
884,Anna Kelly,briancasey@terry-gordon.net,Dylanland,2022-04-15
885,Troy Olson,hunterfrancis@gmail.com,West Theodorechester,2025-08-06
886,Anne Sellers,melissarojas@yahoo.com,Melissaview,2022-09-08
887,Jared Schwartz,aliciacollier@murphy.com,Deannahaven,2021-06-18
888,Alan Sanchez,ashley70@stokes.com,Rodriguezchester,2023-10-06
889,Andrea Miller,stevenbutler@nelson-johnston.org,Brianville,2025-08-09
890,Larry Clark,annelandry@hotmail.com,Stoutberg,2023-03-20
891,Felicia Martinez,alyssa49@thompson.com,New Rebeccamouth,2021-10-22
892,Daniel Smith,tiffany91@yahoo.com,Rebeccaport,2020-11-02
893,Dr. Aaron Young,blakeharrington@yahoo.com,Austinberg,2020-09-23
894,Kristy Fernandez,gglass@jones-lowery.com,Kennethland,2023-06-27
895,John Baxter,keithsmith@martinez.org,South Karen,2021-02-23
896,Melissa Boyer,heather06@gmail.com,Willietown,2023-08-18
897,Samantha Stephens,jasminebrown@smith-yang.com,Port Walterhaven,2022-06-10
898,Lynn Arnold,roger49@sanchez-schaefer.org,East Michael,2022-12-03
899,Cynthia Pearson,danielle54@yahoo.com,West Davidshire,2025-03-03
900,Jennifer Yates,andrewhayes@lee.com,Waltersberg,2023-10-27
901,Cody Parker,qholland@hotmail.com,New Monica,2020-12-07
902,Jeffrey Bell,sheppardkenneth@olson.com,Hintonfurt,2022-01-11
903,Jennifer Shaffer,marywilliamson@valdez-contreras.com,Sarahshire,2021-09-05
904,Melissa Reyes,meganaustin@barnes-smith.com,North Brandonstad,2020-12-06
905,Cindy Watson,matthewmoore@key.org,South Lisa,2021-01-28
906,Daniel Gordon,jeffreycline@hotmail.com,Port Michelle,2023-11-03
907,Noah Powell,emilyhernandez@gmail.com,East Pamela,2020-11-01
908,Tammy Fuentes,iduncan@gmail.com,New Ryanshire,2024-06-06
909,Christopher Lang,robertgomez@yahoo.com,Port Stacyberg,2020-11-04
910,Jessica Hicks,travis35@gmail.com,New Cheryl,2023-09-11
911,Monica Harvey,amyroberts@smith.com,New Denise,2025-05-16
912,Raven Nguyen,powellcorey@gmail.com,Lake Davidshire,2020-12-04
913,Jennifer West,smithkatherine@gmail.com,Richardmouth,2023-11-01
914,Nicole Morales,sweeneydenise@gmail.com,Randystad,2021-09-30
915,Gary Ortiz,dianestein@hotmail.com,Carterborough,2020-09-26
916,Angelica Richards,umonroe@smith.com,South Lisa,2024-12-10
917,Anne Taylor,kathrynwilliams@gmail.com,North James,2023-06-03
918,Corey Oneill,russellsamuel@ortega-ellis.biz,Julialand,2025-02-05
919,Dillon Moreno,kristina46@benson.info,East Scottstad,2022-05-31
920,Jeffrey Wright,darrenharrison@lambert-lynch.com,Bakershire,2025-04-21
921,Thomas Shelton,ithomas@rice-erickson.com,Michelestad,2021-05-18
922,Veronica Holloway,skinnerjavier@jones-houston.com,Loriside,2024-01-15
923,Christopher Lewis,efreeman@hotmail.com,New Johnberg,2022-07-26
924,Gina Dillon,nicholasmartin@lopez.com,Jacobsstad,2023-10-29
925,Craig Roberts,wmartin@blair.com,Cliffordmouth,2023-03-03
926,Michael Lucero,matthew00@evans.biz,Melissabury,2024-02-04
927,John King,nichole78@gmail.com,Ashleybury,2022-11-06
928,Michael Nelson,randyshepard@doyle-murphy.biz,Romeroview,2020-12-10
929,Ashley Blackwell,dawn27@copeland-perkins.com,Phillipsland,2021-07-29
930,Randall Brock,meganmorales@jones-curtis.biz,Laurenstad,2022-11-03
931,Susan Galvan,qnovak@hotmail.com,New Robert,2023-04-24
932,Thomas Ruiz,osawyer@wallace-bowman.net,West Alexiston,2025-02-21
933,Laura Hester,tsmith@rodriguez.com,New Mary,2022-05-01
934,John Dominguez,tfletcher@leblanc-baker.com,South Steven,2025-04-11
935,Lisa Stone,abenton@bruce.biz,Tannerview,2022-05-26
936,Scott Trevino,uwebster@yahoo.com,Nicolehaven,2025-06-28
937,Laura Burton,loweryjennifer@hotmail.com,Amyside,2020-11-01
938,Lisa Anderson,qsimmons@hotmail.com,East Jennifer,2020-09-19
939,Jessica Mcdaniel,elizabeth53@hotmail.com,Sandraville,2023-10-12
940,Mrs. Virginia Hall,vrose@coleman.com,East Alexandraland,2021-10-06
941,Nicole Lawson,jason97@hughes-levine.net,South Michelle,2022-04-10
942,Laura Mckinney,carolinemanning@yahoo.com,South Jonathanbury,2025-03-02
943,Matthew Cruz,ronald11@coleman-young.com,North Marc,2024-10-09
944,Stephanie Lawrence,anthony37@gmail.com,Maureenfort,2022-11-12
945,Laura Clark,kinggloria@yahoo.com,Jennyside,2023-03-31
946,Jillian Murphy DDS,brittany55@jackson.info,North Sheilaside,2025-09-13
947,Crystal Johnston,leslie64@hotmail.com,South Jessica,2022-04-14
948,Mrs. Diana Wilson,ronald46@ross.com,Arellanoshire,2021-07-12
949,Jamie Steele,kristen60@walker.com,South Jameston,2022-01-13
950,Stephen Olson,wellschelsea@becker.com,North Rebecca,2025-03-03
951,Kristin Stone,ncontreras@guerra.com,New Valerie,2022-06-04
952,Linda Day,brandonwood@perez.com,Tinaside,2020-10-25
953,Monica Lopez,aaronwright@perez.com,Armstrongton,2021-11-21
954,Brandon Brooks,ugutierrez@williams.net,West Ryanmouth,2021-10-10
955,Jennifer Snyder,fanderson@yahoo.com,Lake Josephborough,2024-01-30
956,Andrew Sutton,carla48@rodriguez.com,Hernandezville,2021-12-22
957,Samuel Wall,bakersean@gmail.com,West Tiffanyview,2021-01-27
958,Helen Carey,fgreen@miller-williams.net,Kristinaville,2022-10-15
959,Ricardo Leonard,perrybates@moon.com,South Morgan,2024-11-06
960,Kelly Jenkins,anthony17@hotmail.com,Lake Jennifer,2025-08-20
961,Daniel Jones,steven82@levy-farmer.com,South Jason,2023-11-15
962,Lisa Hall,mitchellgregory@gomez-duarte.com,Port Waynemouth,2021-11-14
963,Jesus Davis,taylordaniels@gmail.com,Smithmouth,2022-10-06
964,Madeline Alexander,njordan@brooks-porter.com,Michaelport,2023-01-16
965,Dylan Miranda,duncancassandra@gmail.com,Whitneymouth,2024-06-26
966,Stephanie Bell,cpeters@hahn.info,East Robertport,2022-10-27
967,Catherine Roth,goldenabigail@rice.com,East Matthewbury,2025-01-23
968,Katherine Schmidt,ortegamark@martinez.com,Kellyhaven,2021-03-15
969,Laura Rasmussen,smithkevin@johnson-cohen.com,Barkerside,2021-09-27
970,Ricky Johnson,cbaxter@wood.biz,Andreamouth,2021-09-17
971,Elizabeth Mckinney,whanson@yahoo.com,South Erinport,2024-05-16
972,Charles Powers,brendamorris@hotmail.com,Williamsmouth,2024-04-01
973,Jeffery Kim,courtneyedwards@brown.com,Terrymouth,2024-05-13
974,Tina Hansen,reneewallace@hansen-brown.com,West Michael,2023-09-18
975,Jennifer Ferguson,caseyrachel@hotmail.com,Cannonshire,2021-11-15
976,Mr. Matthew Yu,jacob36@schmitt-molina.com,New John,2022-03-10
977,Ashley Pope,boyerisaiah@diaz-wheeler.com,West Beth,2023-04-18
978,Angela Hansen,jennifermack@hotmail.com,Port Shane,2021-01-11
979,Paul Flores,adickerson@patterson.com,South Emmaborough,2024-10-18
980,Anthony Sampson,icampbell@hunt.com,Lake Codyville,2022-11-08
981,Janet Greer,aaron12@yahoo.com,New Stephanie,2022-07-01
982,Frederick Franco,johnbell@olson-hays.biz,Malonestad,2023-07-25
983,Andrew Smith,jennifer67@salas.com,Kingview,2020-09-27
984,Lee Martinez,fordpatricia@kemp.com,West Dianastad,2023-11-23
985,Stephen Baker,kennethbell@yahoo.com,North Anthony,2022-01-10
986,Chad Meadows,shelbybutler@clayton.com,Pattersonberg,2022-08-12
987,Lisa Schmidt,webbpatricia@hotmail.com,West Michael,2025-01-08
988,Jennifer Farley,mariataylor@snow.com,Lake Tylerville,2022-12-28
989,Kristy Gibbs,crystalnolan@cole-sosa.com,North Michelle,2023-03-08
990,Ross Brady,schmidterin@gmail.com,Danielberg,2024-10-20
991,Jeffrey Booker,dale43@hotmail.com,Glendafurt,2024-04-04
992,Joseph Ferguson,kyliethompson@gmail.com,West Davidport,2024-05-21
993,Susan Moore,douglasfranklin@patton.org,South Sandraview,2020-11-17
994,Brandy Ross,dunngregory@clark-bright.info,Maryfurt,2022-04-30
995,Michele Smith,changconnie@gmail.com,Westville,2024-03-14
996,Derek Barnett,plopez@gmail.com,West Nicole,2023-02-07
997,Susan Solomon,anthony51@yahoo.com,Brandtmouth,2020-09-20
998,Tyrone Jones,peterwall@yahoo.com,East Jamesshire,2021-12-04
999,Susan Leon,alexander89@gmail.com,Ryanton,2021-06-04
1000,Anna Williams,erica29@hotmail.com,Wrightburgh,2021-02-14
